;;23110000100030200002 Численность постоянного населения на 1 января;23110000100030200002 Численность постоянного населения на 1 января;23110000100030200002 Численность постоянного населения на 1 января;23110000100030200002 Численность постоянного населения на 1 января;23110000100030200002 Численность постоянного населения на 1 января;23110000100030200002 Численность постоянного населения на 1 января;23110000100030200002 Численность постоянного населения на 1 января;23110000100030200002 Численность постоянного населения на 1 января;23110000100030200002 Численность постоянного населения на 1 января;23110000100030200002 Численность постоянного населения на 1 января;23110000100030200002 Численность постоянного населения на 1 января;23110000100030200002 Численность постоянного населения на 1 января;23110000100030200002 Численность постоянного населения на 1 января;23110000100030200002 Численность постоянного населения на 1 января;23110000100030200002 Численность постоянного населения на 1 января;23110000100030200002 Численность постоянного населения на 1 января;23110000100030200002 Численность постоянного населения на 1 января;23110000100030200002 Численность постоянного населения на 1 января;23110000100030200002 Численность постоянного населения на 1 января;23110000100030200002 Численность постоянного населения на 1 января;23110000100030200002 Численность постоянного населения на 1 января;23110000100030200002 Численность постоянного населения на 1 января;23110000100030200002 Численность постоянного населения на 1 января;23110000100030200002 Численность постоянного населения на 1 января;
;;январь 1999 г.;январь 2000 г.;январь 2001 г.;январь 2002 г.;январь 2003 г.;январь 2004 г.;январь 2005 г.;январь 2006 г.;январь 2007 г.;январь 2008 г.;январь 2009 г.;январь 2010 г.;январь 2011 г.;январь 2012 г.;январь 2013 г.;январь 2014 г.;январь 2015 г.;январь 2016 г.;январь 2017 г.;январь 2018 г.;январь 2019 г.;январь 2020 г.;январь 2021 г.;январь 2022 г.;
все население;w2:p_mest:11;;;;;;;;;;;;;;;;;;;;;;;;;
Российская Федерация;643;;;;;;;;;;;;;;;;;;;;;;;;;
Раздел 1. Муниципальные образования субъектов Российской Федерации;00000000000;147539426;146890128;146303611;145649334;144963650;144333586;143801046;143236582;142862692;142747535;142737196;142833502;142865433;143056383;143347059;143666931;146267288;146544710;146804372;146880432;146780720;146748590;146171015;145557576;
Центральный федеральный округ;030;;;;;;;;;;;;;;;;;;;;;;;;;
Раздел 1. Муниципальные образования субъектов Российской Федерации;00000000000;38311159;38227656;38175094;38068452;37946810;37965073;38044068;38109006;38183357;38210084;38263261;38334809;38445765;38537608;38678913;38819874;38951479;39104319;39209582;39311413;39378059;39433556;39250960;39104400;
Белгородская область;14000000000;;;;;;;;;;;;;;;;;;;;;;;;;
Раздел 1. Муниципальные образования субъектов Российской Федерации;00000000000;1494868;1501699;1506976;1508137;1511899;1513860;1511662;1511715;1514153;1520102;1526258;1531781;1532353;1536073;1540985;1544108;1547936;1550137;1552865;1549876;1547418;1549151;1541259;1531917;
Брянская область;15000000000;;;;;;;;;;;;;;;;;;;;;;;;;
Раздел 1. Муниципальные образования субъектов Российской Федерации;00000000000;1437471;1423178;1407965;1391430;1375004;1360249;1344132;1327652;1312748;1303343;1294251;1286540;1275354;1264416;1253666;1242599;1232940;1225741;1220530;1210982;1200187;1192491;1182682;1168771;
Владимирская область;17000000000;;;;;;;;;;;;;;;;;;;;;;;;;
Раздел 1. Муниципальные образования субъектов Российской Федерации;00000000000;1592184;1575507;1558052;1539179;1520057;1509571;1497598;1486453;1475861;1466743;1457937;1449773;1441129;1431932;1421742;1413321;1405613;1397168;1389599;1378337;1365805;1358416;1342099;1323659;
Воронежская область;20000000000;;;;;;;;;;;;;;;;;;;;;;;;;
Раздел 1. Муниципальные образования субъектов Российской Федерации;00000000000;2458558;2441337;2422371;2397111;2374461;2367457;2364932;2360912;2353805;2344413;2338997;2334895;2334809;2331506;2330377;2328959;2331147;2333477;2335408;2333768;2327821;2324205;2305608;2287678;
Ивановская область;24000000000;;;;;;;;;;;;;;;;;;;;;;;;;
Раздел 1. Муниципальные образования субъектов Российской Федерации;00000000000;1210603;1194595;1178969;1161861;1144540;1131027;1116739;1101862;1089837;1081112;1074309;1067788;1060109;1054040;1048961;1043130;1036909;1029838;1023170;1014646;1004180;997135;987032;976918;
Калужская область;29000000000;;;;;;;;;;;;;;;;;;;;;;;;;
Раздел 1. Муниципальные образования субъектов Российской Федерации;00000000000;1079831;1070426;1060285;1049614;1038614;1031655;1027581;1023341;1020141;1017726;1015597;1014996;1009191;1008229;1005585;1004544;1010486;1009772;1014570;1012156;1009380;1002575;1000980;1012844;
Костромская область;34000000000;;;;;;;;;;;;;;;;;;;;;;;;;
Раздел 1. Муниципальные образования субъектов Российской Федерации;00000000000;769681;761907;753972;743967;734453;723142;711978;699761;689815;683416;677793;672938;666391;661764;658906;656389;654390;651450;648157;643324;637267;633385;628423;620776;
Курская область;38000000000;;;;;;;;;;;;;;;;;;;;;;;;;
Раздел 1. Муниципальные образования субъектов Российской Федерации;00000000000;1296206;1281733;1266467;1248588;1231097;1213372;1195812;1177627;1161582;1151857;1143329;1134990;1125648;1121563;1119262;1118915;1117378;1120019;1122893;1115237;1107041;1104008;1096488;1083584;
Липецкая область;42000000000;;;;;;;;;;;;;;;;;;;;;;;;;
Раздел 1. Муниципальные образования субъектов Российской Федерации;00000000000;1239185;1233679;1228106;1220476;1211008;1205271;1198580;1193890;1190408;1186707;1181981;1177052;1172026;1165916;1162235;1159866;1157865;1156093;1156221;1150201;1144035;1139371;1128192;1113680;
Московская область;46000000000;;;;;;;;;;;;;;;;;;;;;;;;;
Раздел 1. Муниципальные образования субъектов Российской Федерации;00000000000;6653499;6628173;6613469;6609152;6616879;6671325;6736742;6783853;6846821;6895369;6958015;7024207;6870552;6955051;7048084;7133620;7231068;7318647;7423470;7503385;7599647;7690863;7708499;7768878;
Орловская область;54000000000;;;;;;;;;;;;;;;;;;;;;;;;;
Раздел 1. Муниципальные образования субъектов Российской Федерации;00000000000;891035;884269;876672;867553;858312;847051;835165;822096;811389;805207;798855;793144;785592;781281;775826;769980;765231;759721;754816;747247;739467;733498;724686;714094;
Рязанская область;61000000000;;;;;;;;;;;;;;;;;;;;;;;;;
Раздел 1. Муниципальные образования субъектов Российской Федерации;00000000000;1288562;1274503;1258828;1240958;1223738;1210325;1199404;1188811;1181504;1174337;1167904;1161805;1151838;1148457;1144650;1140844;1135438;1130103;1126739;1121474;1114137;1108847;1098257;1085152;
Смоленская область;66000000000;;;;;;;;;;;;;;;;;;;;;;;;;
Раздел 1. Муниципальные образования субъектов Российской Федерации;00000000000;1116371;1099389;1082207;1063269;1045878;1039132;1032297;1025442;1017901;1009016;1000711;993018;982887;980482;975188;967896;964791;958630;953201;949348;942363;934889;921127;909856;
Тамбовская область;68000000000;;;;;;;;;;;;;;;;;;;;;;;;;
Раздел 1. Муниципальные образования субъектов Российской Федерации;00000000000;1247855;1231054;1213591;1193381;1174233;1161854;1150828;1138550;1127014;1116438;1107810;1099650;1089700;1082545;1075748;1068934;1062421;1050295;1040327;1033552;1015966;1006748;994420;980984;
Тверская область;28000000000;;;;;;;;;;;;;;;;;;;;;;;;;
Раздел 1. Муниципальные образования субъектов Российской Федерации;00000000000;1566617;1543796;1519569;1491451;1465568;1447825;1432612;1415272;1398847;1386952;1375415;1365329;1350086;1342200;1334061;1325249;1315071;1304744;1296799;1283873;1269636;1260379;1245619;1230190;
Тульская область;70000000000;;;;;;;;;;;;;;;;;;;;;;;;;
Раздел 1. Муниципальные образования субъектов Российской Федерации;00000000000;1765958;1743368;1719665;1694008;1669792;1649221;1631778;1615194;1600138;1587959;1576346;1564654;1550330;1544545;1532436;1521497;1513570;1506446;1499417;1491855;1478818;1466127;1449115;1432570;
Ярославская область;78000000000;;;;;;;;;;;;;;;;;;;;;;;;;
Раздел 1. Муниципальные образования субъектов Российской Федерации;00000000000;1419433;1406111;1393727;1378417;1364374;1347055;1329799;1312813;1299965;1292536;1286122;1280088;1271006;1271030;1271672;1271766;1271629;1271912;1270736;1265684;1259612;1253389;1241424;1227383;
Город Москва столица Российской Федерации город федерального значения;45000000000;;;;;;;;;;;;;;;;;;;;;;;;;
Раздел 1. Муниципальные образования субъектов Российской Федерации;00000000000;9783242;9932932;10114203;10269900;10386903;10535681;10726429;10923762;11091428;11186851;11281631;11382161;11776764;11856578;11979529;12108257;12197596;12330126;12380664;12506468;12615279;12678079;12655050;12635466;
Северо-Западный федеральный округ;031;;;;;;;;;;;;;;;;;;;;;;;;;
Раздел 1. Муниципальные образования субъектов Российской Федерации;00000000000;14465718;14323567;14198896;14072968;13948539;13860249;13793490;13716390;13665082;13630877;13611910;13604203;13625763;13660139;13717733;13800658;13843556;13853694;13899310;13952003;13972070;13981992;13941959;13901069;
Республика Карелия;86000000000;;;;;;;;;;;;;;;;;;;;;;;;;
Раздел 1. Муниципальные образования субъектов Российской Федерации;00000000000;743573;735462;728813;721538;715213;702847;689601;676041;665032;659404;653766;648718;642582;639681;636932;634402;632533;629875;627083;622484;618056;614064;609071;603067;
Республика Коми;87000000000;;;;;;;;;;;;;;;;;;;;;;;;;
Раздел 1. Муниципальные образования субъектов Российской Федерации;00000000000;1077990;1057873;1042880;1029644;1016040;999857;982890;962952;944816;934867;922321;911977;899215;889837;880639;872057;864424;856831;850554;840873;830235;820473;813590;803477;
Архангельская область;11000000000;;;;;;;;;;;;;;;;;;;;;;;;;
Раздел 1. Муниципальные образования субъектов Российской Федерации;00000000000;1414144;1390334;1369118;1350448;1332655;1315549;1299218;1281838;1266667;1257164;1246204;1237493;1224880;1213533;1202295;1191785;1183323;1174078;1165750;1155028;1144119;1136535;1127051;1114322;
Ненецкий автономный округ (Архангельская область);11100000000;;;;;;;;;;;;;;;;;;;;;;;;;
Раздел 1. Муниципальные образования субъектов Российской Федерации;00000000000;41513;41174;40931;40896;41699;41881;41906;41914;41854;41900;41857;42115;42104;42437;42789;43025;43373;43838;43937;43997;43829;44111;44389;44540;
Архангельская область (кроме Ненецкого автономного округа);11001000000;;;;;;;;;;;;;;;;;;;;;;;;;
Раздел 1. Муниципальные образования субъектов Российской Федерации;00000000000;;;;;;1273668;1257312;1239924;1224813;1215264;1204347;1195378;1182776;1171096;1159506;1148760;1139950;1130240;1121813;1111031;1100290;1092424;1082662;1069782;
Вологодская область;19000000000;;;;;;;;;;;;;;;;;;;;;;;;;
Раздел 1. Муниципальные образования субъектов Российской Федерации;00000000000;1309832;1299611;1290370;1278543;1266848;1255924;1245769;1234940;1225780;1219775;1214135;1208364;1201190;1198546;1196196;1193371;1191010;1187685;1183860;1176689;1167713;1160445;1151042;1139499;
Калининградская область;27000000000;;;;;;;;;;;;;;;;;;;;;;;;;
Раздел 1. Муниципальные образования субъектов Российской Федерации;00000000000;961257;958782;957533;955449;954093;947887;942098;936574;934330;935297;936613;938633;941823;946796;954773;963128;968944;976439;986261;994599;1002187;1012512;1018624;1027678;
Ленинградская область;41000000000;;;;;;;;;;;;;;;;;;;;;;;;;
Раздел 1. Муниципальные образования субъектов Российской Федерации;00000000000;1693301;1686716;1680358;1672685;1667150;1673287;1681445;1685376;1691111;1692577;1698900;1704905;1718581;1733907;1751135;1763924;1775540;1778857;1791916;1813816;1847867;1875872;1892711;1911586;
Мурманская область;47000000000;;;;;;;;;;;;;;;;;;;;;;;;;
Раздел 1. Муниципальные образования субъектов Российской Федерации;00000000000;964065;941062;922875;905735;889809;873145;856939;839429;823978;815140;805554;799765;794077;787948;780401;771058;766281;762173;757621;753557;748056;741404;732864;724452;
Новгородская область;49000000000;;;;;;;;;;;;;;;;;;;;;;;;;
Раздел 1. Муниципальные образования субъектов Российской Федерации;00000000000;726027;718565;710261;700859;692138;682965;674519;665616;657584;652198;645369;639697;632799;629748;625855;622430;618703;615692;612522;606476;600296;596508;592415;586129;
Псковская область;58000000000;;;;;;;;;;;;;;;;;;;;;;;;;
Раздел 1. Муниципальные образования субъектов Российской Федерации;00000000000;804632;793239;781844;769653;758119;746750;734520;720770;708234;699591;690335;681892;671272;666924;661507;656561;651108;646374;642164;636546;629651;626115;620249;613356;
Город Санкт-Петербург город федерального значения;40000000000;;;;;;;;;;;;;;;;;;;;;;;;;
Раздел 1. Муниципальные образования субъектов Российской Федерации;00000000000;4770897;4741923;4714844;4688414;4656474;4662038;4686491;4712854;4747550;4764864;4798713;4832759;4899344;4953219;5028000;5131942;5191690;5225690;5281579;5351935;5383890;5398064;5384342;5377503;
Южный федеральный округ (по 2009 год);032;;;;;;;;;;;;;;;;;;;;;;;;;
Раздел 1. Муниципальные образования субъектов Российской Федерации;00000000000;22719026;22742546;22761875;22853022;;;;;;;;;;;;;;;;;;;;;
Южный федеральный округ (с 2010 года);037;;;;;;;;;;;;;;;;;;;;;;;;;
Раздел 1. Муниципальные образования субъектов Российской Федерации;00000000000;;;;;;13905906;13870776;13837111;13820436;13826878;13844553;13853714;13851364;13884044;13910179;13963874;14003828;14044580;;;;;;;
Южный федеральный округ (с 29.07.2016);040;;;;;;;;;;;;;;;;;;;;;;;;;
Раздел 1. Муниципальные образования субъектов Российской Федерации;00000000000;;;;;;;;;;;;;;;;;;;16428458;16441852;16454550;16466084;16482488;16434898;
Республика Адыгея (Адыгея);79000000000;;;;;;;;;;;;;;;;;;;;;;;;;
Раздел 1. Муниципальные образования субъектов Российской Федерации;00000000000;450358;449052;447327;446628;446828;444848;443300;440993;438603;437900;439380;439760;439935;442451;444403;446406;449171;451480;453366;453376;454744;463088;463167;468340;
Республика Калмыкия;85000000000;;;;;;;;;;;;;;;;;;;;;;;;;
Раздел 1. Муниципальные образования субъектов Российской Федерации;00000000000;310457;308347;307281;297583;291850;292168;293179;293515;293011;291654;290277;289672;288902;286689;284140;282021;280564;278733;277803;275413;272647;271135;269984;267756;
Республика Крым;35000000000;;;;;;;;;;;;;;;;;;;;;;;;;
Раздел 1. Муниципальные образования субъектов Российской Федерации;00000000000;;;;;;;;;;;;;;;;;1895915;1907106;1912168;1913731;1911818;1912622;1901578;1896393;
Краснодарский край;03000000000;;;;;;;;;;;;;;;;;;;;;;;;;
Раздел 1. Муниципальные образования субъектов Российской Федерации;00000000000;5130451;5133449;5132798;5131618;5119857;5114905;5118903;5127251;5142911;5170686;5194439;5214222;5229998;5284464;5330181;5404273;5453329;5513804;5570945;5603420;5648235;5675462;5683947;5687378;
Астраханская область;12000000000;;;;;;;;;;;;;;;;;;;;;;;;;
Раздел 1. Муниципальные образования субъектов Российской Федерации;00000000000;1016372;1012385;1009281;1005510;1004780;1006073;1006467;1002517;1001300;1005897;1009926;1011120;1009801;1014972;1013840;1016516;1021287;1018626;1018866;1017514;1014065;1005782;997778;989430;
Волгоградская область;18000000000;;;;;;;;;;;;;;;;;;;;;;;;;
Раздел 1. Муниципальные образования субъектов Российской Федерации;00000000000;2750443;2738531;2725433;2709610;2694232;2672392;2656212;2640392;2629959;2623128;2618062;2614165;2607505;2594825;2583002;2569126;2557397;2545937;2535202;2521276;2507509;2491036;2474556;2449781;
Ростовская область;60000000000;;;;;;;;;;;;;;;;;;;;;;;;;
Раздел 1. Муниципальные образования субъектов Российской Федерации;00000000000;4475367;4454446;4439314;4417648;4396672;4375520;4352715;4332443;4314652;4297613;4292469;4284775;4275223;4260643;4254613;4245532;4242080;4236000;4231355;4220452;4202320;4197821;4181486;4153763;
Город федерального значения Севастополь;67000000000;;;;;;;;;;;;;;;;;;;;;;;;;
Раздел 1. Муниципальные образования субъектов Российской Федерации;00000000000;;;;;;;;;;;;;;;;;398973;416263;428753;436670;443212;449138;509992;522057;
Северо-Кавказский федеральный округ;038;;;;;;;;;;;;;;;;;;;;;;;;;
Раздел 1. Муниципальные образования субъектов Российской Федерации;00000000000;;;;;;8967070;8994605;9036760;9090540;9186974;9267593;9353182;9439041;9492909;9540758;9590085;9659044;9718001;9775770;9823481;9866748;9930933;9967301;9997336;
Республика Дагестан;82000000000;;;;;;;;;;;;;;;;;;;;;;;;;
Раздел 1. Муниципальные образования субъектов Российской Федерации;00000000000;2392292;2442609;2486002;2536077;2581412;2617502;2652711;2692619;2735837;2788600;2826525;2868759;2914204;2930449;2946035;2963918;2990371;3015660;3041900;3063885;3086126;3110858;3133303;3153857;
Республика Ингушетия;26000000000;;;;;;;;;;;;;;;;;;;;;;;;;
Раздел 1. Муниципальные образования субъектов Российской Федерации;00000000000;301745;340028;445443;455519;468773;451933;433685;417392;406739;406621;409210;411736;414524;430495;442255;453010;463893;472776;480474;488043;497393;507061;515564;524058;
Кабардино-Балкарская Республика;83000000000;;;;;;;;;;;;;;;;;;;;;;;;;
Раздел 1. Муниципальные образования субъектов Российской Федерации;00000000000;870822;878990;886698;894356;901051;889639;877308;866158;858460;857282;858126;859576;859792;859063;858946;858397;860709;862254;864454;865828;866219;868350;869191;870487;
Карачаево-Черкесская Республика;91000000000;;;;;;;;;;;;;;;;;;;;;;;;;
Раздел 1. Муниципальные образования субъектов Российской Федерации;00000000000;441281;439981;440621;439803;438853;444342;450220;454487;461650;466366;470064;473792;477403;474675;471847;469837;469060;467797;466432;466305;465563;465528;465357;464219;
Республика Северная Осетия-Алания;90000000000;;;;;;;;;;;;;;;;;;;;;;;;;
Раздел 1. Муниципальные образования субъектов Российской Федерации;00000000000;684130;693564;704351;709630;709671;707679;706393;706896;708800;711509;711661;711725;712481;709032;706123;703977;705270;703745;703262;701765;699253;696837;693098;688124;
Чеченская Республика;96000000000;;;;;;;;;;;;;;;;;;;;;;;;;
Раздел 1. Муниципальные образования субъектов Российской Федерации;00000000000;1159839;1110237;996427;1072867;1105378;1116910;1133172;1152335;1171975;1196920;1224389;1249898;1275113;1302165;1324767;1346438;1370268;1394172;1414865;1436981;1456951;1478726;1497992;1516387;
Ставропольский край;07000000000;;;;;;;;;;;;;;;;;;;;;;;;;
Раздел 1. Муниципальные образования субъектов Российской Федерации;00000000000;2735469;2740927;2740899;2736173;2732502;2739065;2741116;2746873;2747079;2759676;2767618;2777696;2785524;2787030;2790785;2794508;2799473;2801597;2804383;2800674;2795243;2803573;2792796;2780204;
Приволжский федеральный округ;033;;;;;;;;;;;;;;;;;;;;;;;;;
Раздел 1. Муниципальные образования субъектов Российской Федерации;00000000000;31837053;31703297;31531441;31316013;31104512;30893142;30678744;30453210;30264056;30146854;30052943;29993193;29879753;29811477;29772235;29738836;29715450;29673644;29636574;29542696;29397213;29287683;29070827;28844264;
Республика Башкортостан;80000000000;;;;;;;;;;;;;;;;;;;;;;;;;
Раздел 1. Муниципальные образования субъектов Российской Федерации;00000000000;4117545;4119810;4115176;4108249;4102274;4094215;4081349;4066257;4053439;4054821;4059373;4068545;4072085;4064245;4060957;4069698;4071987;4071064;4066972;4063293;4051005;4038151;4013786;4001678;
Республика Марий Эл;88000000000;;;;;;;;;;;;;;;;;;;;;;;;;
Раздел 1. Муниципальные образования субъектов Российской Федерации;00000000000;747446;743828;739091;732774;726730;722703;718260;713422;708546;704949;701609;699389;695482;692435;690349;688686;687435;685865;684684;682333;680380;679417;675332;671455;
Республика Мордовия;89000000000;;;;;;;;;;;;;;;;;;;;;;;;;
Раздел 1. Муниципальные образования субъектов Российской Федерации;00000000000;927437;918443;908152;897136;886165;878299;871848;864704;857903;851658;844962;839184;833263;825454;818566;812156;808888;807453;808541;805056;795504;790197;778965;770673;
Республика Татарстан (Татарстан);92000000000;;;;;;;;;;;;;;;;;;;;;;;;;
Раздел 1. Муниципальные образования субъектов Российской Федерации;00000000000;3789259;3789688;3786845;3781867;3777667;3773105;3768167;3761600;3763106;3766778;3773526;3784458;3787485;3803189;3822038;3838230;3855037;3868730;3885253;3894284;3898628;3902888;3894120;3886395;
Удмуртская Республика;94000000000;;;;;;;;;;;;;;;;;;;;;;;;;
Раздел 1. Муниципальные образования субъектов Российской Федерации;00000000000;1601409;1595571;1588054;1578187;1568176;1561092;1554292;1545820;1538602;1532946;1528236;1525117;1520390;1518091;1517692;1517050;1517472;1517164;1516826;1513044;1507390;1500955;1493356;1484460;
Чувашская Республика - Чувашия;97000000000;;;;;;;;;;;;;;;;;;;;;;;;;
Раздел 1. Муниципальные образования субъектов Российской Федерации;00000000000;1338819;1334219;1327743;1319498;1311737;1301632;1291065;1278903;1268614;1263016;1258239;1255852;1250518;1247012;1243431;1239984;1238071;1236628;1235863;1231117;1223395;1217818;1207875;1198429;
Пермский край;57000000000;;;;;;;;;;;;;;;;;;;;;;;;;
Раздел 1. Муниципальные образования субъектов Российской Федерации;00000000000;2896771;2878903;2858588;2837146;2813770;2783049;2751562;2718765;2691600;2673957;2660359;2648654;2633550;2631073;2634461;2636154;2637032;2634409;2632097;2623122;2610800;2599260;2579261;2556852;
Коми-Пермяцкий округ, входящий в состав Пермского края;57100000000;;;;;;;;;;;;;;;;;;;;;;;;;
Раздел 1. Муниципальные образования субъектов Российской Федерации;00000000000;139790;138877;137648;136608;;;;;;;;;;;;;;;;;;;;;
Кировская область;33000000000;;;;;;;;;;;;;;;;;;;;;;;;;
Раздел 1. Муниципальные образования субъектов Российской Федерации;00000000000;1568722;1553595;1536772;1518378;1498976;1472481;1445356;1418645;1396017;1379383;1365003;1352692;1338758;1327915;1319076;1310929;1304348;1297474;1291684;1283238;1272109;1262402;1250173;1234780;
Нижегородская область;22000000000;;;;;;;;;;;;;;;;;;;;;;;;;
Раздел 1. Муниципальные образования субъектов Российской Федерации;00000000000;3655489;3628222;3594476;3554696;3515673;3481080;3447896;3414325;3384358;3362817;3343719;3326812;3307648;3296947;3289841;3281496;3270203;3260267;3247713;3234752;3214623;3202946;3176552;3144254;
Оренбургская область;53000000000;;;;;;;;;;;;;;;;;;;;;;;;;
Раздел 1. Муниципальные образования субъектов Российской Федерации;00000000000;2217558;2211204;2203616;2189876;2176000;2149942;2122459;2093495;2067890;2055701;2044256;2042043;2031497;2023665;2016086;2008566;2001110;1994762;1989589;1977720;1963007;1956835;1942915;1924578;
Пензенская область;56000000000;;;;;;;;;;;;;;;;;;;;;;;;;
Раздел 1. Муниципальные образования субъектов Российской Федерации;00000000000;1514283;1500196;1484149;1466215;1449233;1439986;1431060;1420065;1411733;1405351;1398160;1392414;1384006;1376538;1368657;1360587;1355618;1348703;1341526;1331655;1318103;1305563;1290898;1274062;
Самарская область;36000000000;;;;;;;;;;;;;;;;;;;;;;;;;
Раздел 1. Муниципальные образования субъектов Российской Федерации;00000000000;3302566;3291598;3275823;3254055;3235699;3229151;3225275;3225643;3223938;3220938;3221513;3220910;3215311;3214065;3213289;3211187;3212676;3205975;3203679;3193514;3183038;3179532;3154164;3131720;
Саратовская область;63000000000;;;;;;;;;;;;;;;;;;;;;;;;;
Раздел 1. Муниципальные образования субъектов Российской Федерации;00000000000;2719990;2710645;2699385;2682054;2663481;2639528;2615575;2591231;2572396;2558322;2545296;2535434;2519282;2508754;2503305;2496552;2493024;2487529;2479260;2462950;2440815;2421895;2395111;2360959;
Ульяновская область;73000000000;;;;;;;;;;;;;;;;;;;;;;;;;
Раздел 1. Муниципальные образования субъектов Российской Федерации;00000000000;1439759;1427375;1413571;1395882;1378931;1366879;1354580;1340335;1325914;1316217;1308692;1301689;1290478;1282094;1274487;1267561;1262549;1257621;1252887;1246618;1238416;1229824;1218319;1203969;
Уральский федеральный округ;034;;;;;;;;;;;;;;;;;;;;;;;;;
Раздел 1. Муниципальные образования субъектов Российской Федерации;00000000000;12574168;12515498;12471257;12417742;12361257;12284550;12205194;12128731;12080328;12074325;12076020;12087670;12086939;12143438;12197544;12234224;12275853;12308103;12345803;12356229;12350122;12360752;12329500;12294961;
Курганская область;37000000000;;;;;;;;;;;;;;;;;;;;;;;;;
Раздел 1. Муниципальные образования субъектов Российской Федерации;00000000000;1068503;1059515;1047114;1030748;1016184;999446;981029;961815;946068;934512;925180;918585;908813;896264;885759;877149;869814;861896;854109;845537;834701;827166;818570;805510;
Свердловская область;65000000000;;;;;;;;;;;;;;;;;;;;;;;;;
Раздел 1. Муниципальные образования субъектов Российской Федерации;00000000000;4607587;4577515;4545942;4514084;4477552;4434165;4394041;4356425;4330579;4320114;4314337;4308472;4297227;4307594;4315830;4320677;4327472;4330006;4329341;4325256;4315699;4310681;4290067;4264340;
Тюменская область;71000000000;;;;;;;;;;;;;;;;;;;;;;;;;
Раздел 1. Муниципальные образования субъектов Российской Федерации;00000000000;3226093;3218356;3234252;3251484;3269862;3281655;3288337;3293830;3306698;3330607;3351694;3378795;3405265;3459438;3510683;3546345;3581293;3615485;3660030;3692400;3723969;3756536;3778053;3806505;
Ханты-Мансийский автономный округ - Югра (Тюменская область);71100000000;;;;;;;;;;;;;;;;;;;;;;;;;
Раздел 1. Муниципальные образования субъектов Российской Федерации;00000000000;1359069;1359646;1383449;1411867;1437729;1453541;1462194;1467792;1475188;1491240;1504319;1521222;1537134;1561238;1584063;1597248;1612076;1626755;1646078;1655074;1663795;1674676;1687654;1702240;
Ямало-Ненецкий автономный округ (Тюменская область);71140000000;;;;;;;;;;;;;;;;;;;;;;;;;
Раздел 1. Муниципальные образования субъектов Российской Федерации;00000000000;498996;496292;498271;503121;508600;510846;514581;517385;521621;524012;522966;524141;524925;536558;541612;539671;539985;534104;536049;538547;541479;544444;547010;552117;
Тюменская область (кроме Ханты-Мансийского автономного округа-Югры и Ямало-Ненецкого автономного округа);71001000000;;;;;;;;;;;;;;;;;;;;;;;;;
Раздел 1. Муниципальные образования субъектов Российской Федерации;00000000000;;;;;;1317268;1311562;1308653;1309889;1315355;1324409;1333432;1343206;1361642;1385008;1409426;1429232;1454626;1477903;1498779;1518695;1537416;1543389;1552148;
Челябинская область;75000000000;;;;;;;;;;;;;;;;;;;;;;;;;
Раздел 1. Муниципальные образования субъектов Российской Федерации;00000000000;3671985;3660112;3643949;3621426;3597659;3569284;3541787;3516661;3496983;3489092;3484809;3481818;3475634;3480142;3485272;3490053;3497274;3500716;3502323;3493036;3475753;3466369;3442810;3418606;
Сибирский федеральный округ;035;;;;;;;;;;;;;;;;;;;;;;;;;
Раздел 1. Муниципальные образования субъектов Российской Федерации;00000000000;20604840;20464285;20333014;20178131;20030930;19849333;19676568;19494972;19360336;19303246;19281965;19286955;19251876;19260935;19278201;19292740;19312169;19324031;19326196;19287474;;;;;
Сибирский федеральный округ;041;;;;;;;;;;;;;;;;;;;;;;;;;
Раздел 1. Муниципальные образования субъектов Российской Федерации;00000000000;;;;;;;;;;;;;;;;;;;;;17173335;17118387;17003927;16889404;
Республика Алтай;84000000000;;;;;;;;;;;;;;;;;;;;;;;;;
Раздел 1. Муниципальные образования субъектов Российской Федерации;00000000000;201699;202441;203030;202945;203038;202571;202333;201674;201744;203128;204687;205386;206530;208425;210344;211645;213703;215161;217007;218063;218866;220181;220954;221559;
Республика Тыва;93000000000;;;;;;;;;;;;;;;;;;;;;;;;;
Раздел 1. Муниципальные образования субъектов Российской Федерации;00000000000;306169;306152;305729;305216;305493;304957;304066;302889;302357;303783;305306;307323;308132;309347;310460;311761;313777;315637;318550;321722;324423;327383;330368;332609;
Республика Хакасия;95000000000;;;;;;;;;;;;;;;;;;;;;;;;;
Раздел 1. Муниципальные образования субъектов Российской Федерации;00000000000;561366;557481;554411;549489;545198;541414;537973;533824;531140;531307;531874;532739;532286;532135;533025;534079;535796;536781;537668;537513;536167;534262;532036;528338;
Алтайский край;01000000000;;;;;;;;;;;;;;;;;;;;;;;;;
Раздел 1. Муниципальные образования субъектов Российской Федерации;00000000000;2662738;2651628;2641079;2621050;2602595;2571987;2539430;2503510;2473024;2453455;2438910;2430765;2417358;2407230;2398751;2390638;2384812;2376774;2365680;2350080;2332813;2317153;2296353;2268179;
Муниципальные образования Алтайского края;01000000000;;;;;;;;;;;;;;;;;;2376774;2365680;2350080;2332813;2317153;2296353;;
Алейский муниципальный район;01601000000;;;;;;;;;;;;;;;;;;14709;14513;14407;14062;13680;13330;;
Алейский сельсовет;01601402000;;;;;;;;;;;;;;;;;;1106;1106;1084;1028;960;890;;
Безголосовский сельсовет;01601408000;;;;;;;;;;;;;;;;;;592;595;587;587;550;543;;
Большепанюшевский сельсовет;01601413000;;;;;;;;;;;;;;;;;;580;562;554;536;538;538;;
Боровской сельсовет;01601417000;;;;;;;;;;;;;;;;;;1023;999;1000;940;912;905;;
Дружбинский сельсовет;01601420000;;;;;;;;;;;;;;;;;;1038;1034;1036;1029;995;952;;
Дубровский сельсовет;01601423000;;;;;;;;;;;;;;;;;;826;811;793;781;752;747;;
Заветильичёвский сельсовет;01601426000;;;;;;;;;;;;;;;;;;1577;1556;1572;1576;1559;1532;;
Кашинский сельсовет;01601432000;;;;;;;;;;;;;;;;;;1228;1197;1186;1150;1119;1096;;
Кировский сельсовет;01601438000;;;;;;;;;;;;;;;;;;742;725;694;657;636;604;;
Краснопартизанский сельсовет;01601440000;;;;;;;;;;;;;;;;;;528;527;529;515;513;501;;
Малиновский сельсовет;01601460000;;;;;;;;;;;;;;;;;;262;257;227;219;206;202;;
Моховской сельсовет;01601464000;;;;;;;;;;;;;;;;;;863;864;868;857;833;828;;
Осколковский сельсовет;01601468000;;;;;;;;;;;;;;;;;;728;705;706;689;675;668;;
Плотавский сельсовет;01601473000;;;;;;;;;;;;;;;;;;458;445;435;400;387;348;;
Савинский сельсовет;01601475000;;;;;;;;;;;;;;;;;;418;403;390;356;339;323;;
Совхозный сельсовет;01601477000;;;;;;;;;;;;;;;;;;1037;1058;1041;1040;1018;993;;
Урюпинский сельсовет;01601485000;;;;;;;;;;;;;;;;;;620;619;659;656;643;636;;
Фрунзенский сельсовет;01601496000;;;;;;;;;;;;;;;;;;573;556;548;553;557;553;;
Чапаевский сельсовет;01601498000;;;;;;;;;;;;;;;;;;510;494;498;493;488;471;;
Алтайский муниципальный район;01602000000;;;;;;;;;;;;;;;;;;26090;26022;25886;25859;25939;26153;;
Айский сельсовет;01602405000;;;;;;;;;;;;;;;;;;3220;3214;3200;3191;3184;3203;;
Алтайский сельсовет;01602407000;;;;;;;;;;;;;;;;;;14235;14218;14118;14151;14228;14447;;
Беловский сельсовет;01602412000;;;;;;;;;;;;;;;;;;414;416;412;401;377;358;;
Куяганский сельсовет;01602423000;;;;;;;;;;;;;;;;;;935;925;916;881;864;850;;
Куячинский сельсовет;01602427000;;;;;;;;;;;;;;;;;;944;948;928;915;896;885;;
Макарьевский сельсовет;01602435000;;;;;;;;;;;;;;;;;;444;428;416;415;424;406;;
Нижнекаменский сельсовет;01602446000;;;;;;;;;;;;;;;;;;2045;2053;2056;2069;2081;2106;;
Пролетарский сельсовет;01602457000;;;;;;;;;;;;;;;;;;1289;1292;1311;1308;1311;1315;;
Россошинский сельсовет;01602468000;;;;;;;;;;;;;;;;;;1018;1001;998;995;1002;994;;
Старобелокурихинский сельсовет;01602479000;;;;;;;;;;;;;;;;;;1546;1527;1531;1533;1572;1589;;
Баевский муниципальный район;01603000000;;;;;;;;;;;;;;;;;;9511;9362;9238;9018;8837;8547;;
Баевский сельсовет;01603407000;;;;;;;;;;;;;;;;;;4188;4121;4090;4020;3984;3889;;
Верх-Пайвинский сельсовет;01603416000;;;;;;;;;;;;;;;;;;645;640;627;612;562;531;;
Верх-Чуманский сельсовет;01603419000;;;;;;;;;;;;;;;;;;847;826;815;778;747;729;;
Нижнечуманский сельсовет;01603437000;;;;;;;;;;;;;;;;;;1427;1416;1395;1358;1337;1285;;
Паклинский сельсовет;01603455000;;;;;;;;;;;;;;;;;;506;487;484;468;463;436;;
Прослаухинский сельсовет;01603469000;;;;;;;;;;;;;;;;;;435;426;410;404;389;379;;
Ситниковский сельсовет;01603480000;;;;;;;;;;;;;;;;;;676;677;660;636;606;590;;
Бийский муниципальный район;01604000000;;;;;;;;;;;;;;;;;;32563;32387;31771;31314;30832;30207;;
Большеугреневский сельсовет;01604410000;;;;;;;;;;;;;;;;;;799;790;789;763;730;722;;
Верх-Бехтемирский сельсовет;01604415000;;;;;;;;;;;;;;;;;;979;964;942;932;938;880;;
Верх-Катунский сельсовет;01604417000;;;;;;;;;;;;;;;;;;3452;3437;3358;3285;3205;3172;;
Енисейский сельсовет;01604422000;;;;;;;;;;;;;;;;;;1457;1450;1418;1398;1340;1297;;
Заринский сельсовет;01604424000;;;;;;;;;;;;;;;;;;1566;1536;1513;1487;1462;1451;;
Калининский сельсовет;01604434000;;;;;;;;;;;;;;;;;;1038;1022;1004;991;954;949;;
Лесной сельсовет;01604437000;;;;;;;;;;;;;;;;;;2340;2307;2253;2227;2177;2145;;
Малоенисейский сельсовет;01604455000;;;;;;;;;;;;;;;;;;2764;2761;2686;2653;2639;2601;;
Малоугреневский сельсовет;01604459000;;;;;;;;;;;;;;;;;;3460;3471;3430;3422;3383;3308;;
Новиковский сельсовет;01604464000;;;;;;;;;;;;;;;;;;1395;1390;1359;1320;1297;1258;;
Первомайский сельсовет;01604470000;;;;;;;;;;;;;;;;;;6547;6576;6499;6448;6397;6315;;
Светлоозёрский сельсовет;01604480000;;;;;;;;;;;;;;;;;;1536;1544;1533;1508;1469;1419;;
Сростинский сельсовет;01604483000;;;;;;;;;;;;;;;;;;2949;2902;2844;2801;2812;2737;;
Усятский сельсовет;01604488000;;;;;;;;;;;;;;;;;;1303;1281;1232;1184;1179;1140;;
Шебалинский сельсовет;01604495000;;;;;;;;;;;;;;;;;;978;956;911;895;850;813;;
Благовещенский муниципальный район;01605000000;;;;;;;;;;;;;;;;;;28739;28596;28461;28044;27752;27371;;
Благовещенский поссовет;01605151000;;;;;;;;;;;;;;;;;;11608;11631;11617;11496;11436;11348;;
Степноозёрский поссовет;01605157000;;;;;;;;;;;;;;;;;;6352;6300;6319;6304;6262;6163;;
Алексеевский сельсовет;01605406000;;;;;;;;;;;;;;;;;;386;376;401;382;368;354;;
Гляденьский сельсовет;01605420000;;;;;;;;;;;;;;;;;;1342;1357;1311;1294;1290;1272;;
Леньковский сельсовет;01605436000;;;;;;;;;;;;;;;;;;3141;3071;3062;2972;2939;2893;;
Нижнекучукский сельсовет;01605447000;;;;;;;;;;;;;;;;;;464;468;452;439;433;441;;
Николаевский сельсовет;01605452000;;;;;;;;;;;;;;;;;;888;876;868;862;830;827;;
Новокулундинский сельсовет;01605456000;;;;;;;;;;;;;;;;;;1019;1001;974;933;909;879;;
Орлеанский сельсовет;01605458000;;;;;;;;;;;;;;;;;;571;570;576;560;546;551;;
Суворовский сельсовет;01605461000;;;;;;;;;;;;;;;;;;950;960;955;944;917;886;;
Шимолинский сельсовет;01605483000;;;;;;;;;;;;;;;;;;1136;1115;1081;1033;1017;977;;
Яготинский сельсовет;01605494000;;;;;;;;;;;;;;;;;;882;871;845;825;805;780;;
Бурлинский муниципальный район;01606000000;;;;;;;;;;;;;;;;;;10640;10448;10384;10161;9884;9623;;
Бурлинский сельсовет;01606411000;;;;;;;;;;;;;;;;;;4256;4162;4153;4103;4002;3937;;
Михайловский сельсовет;01606422000;;;;;;;;;;;;;;;;;;1280;1270;1257;1214;1182;1159;;
Новоандреевский сельсовет;01606430000;;;;;;;;;;;;;;;;;;281;275;253;248;258;247;;
Новопесчанский сельсовет;01606433000;;;;;;;;;;;;;;;;;;859;846;822;809;778;771;;
Новосельский сельсовет;01606444000;;;;;;;;;;;;;;;;;;795;778;787;761;730;686;;
Ореховский сельсовет;01606455000;;;;;;;;;;;;;;;;;;582;559;552;527;498;464;;
Партизанский сельсовет;01606466000;;;;;;;;;;;;;;;;;;1041;1026;1003;969;953;926;;
Рожковский сельсовет;01606470000;;;;;;;;;;;;;;;;;;523;522;536;522;524;498;;
Устьянский сельсовет;01606477000;;;;;;;;;;;;;;;;;;1023;1010;1021;1008;959;935;;
Быстроистокский муниципальный район;01607000000;;;;;;;;;;;;;;;;;;9118;8955;8834;8633;8506;8382;;
Акутихинский сельсовет;01607403000;;;;;;;;;;;;;;;;;;1048;1026;1002;964;960;940;;
Быстроистокский сельсовет;01607405000;;;;;;;;;;;;;;;;;;3460;3382;3355;3272;3189;3159;;
Верх-Ануйский сельсовет;01607411000;;;;;;;;;;;;;;;;;;1085;1081;1066;1044;1029;1021;;
Верх-Озёрнинский сельсовет;01607422000;;;;;;;;;;;;;;;;;;454;442;436;428;429;423;;
Новопокровский сельсовет;01607433000;;;;;;;;;;;;;;;;;;928;913;892;882;863;859;;
Приобский сельсовет;01607437000;;;;;;;;;;;;;;;;;;782;789;775;749;742;732;;
Усть-Ануйский сельсовет;01607444000;;;;;;;;;;;;;;;;;;262;246;240;225;222;209;;
Хлеборобный сельсовет;01607455000;;;;;;;;;;;;;;;;;;1099;1076;1068;1069;1072;1039;;
Волчихинский муниципальный район;01608000000;;;;;;;;;;;;;;;;;;17876;17704;17423;17084;16853;16699;;
Берёзовский сельсовет;01608410000;;;;;;;;;;;;;;;;;;519;504;498;458;435;431;;
Бор-Форпостовский сельсовет;01608414000;;;;;;;;;;;;;;;;;;843;837;820;792;779;762;;
Волчихинский сельсовет;01608421000;;;;;;;;;;;;;;;;;;10250;10162;10015;9883;9822;9831;;
Востровский сельсовет;01608423000;;;;;;;;;;;;;;;;;;1535;1527;1526;1497;1477;1445;;
Коминтерновский сельсовет;01608430000;;;;;;;;;;;;;;;;;;401;398;374;356;337;327;;
Малышево-Логовской сельсовет;01608434000;;;;;;;;;;;;;;;;;;1053;1047;1018;991;985;953;;
Новокормихинский сельсовет;01608445000;;;;;;;;;;;;;;;;;;434;423;406;407;373;359;;
Пятковологовской сельсовет;01608456000;;;;;;;;;;;;;;;;;;350;337;331;312;297;274;;
Селивёрстовский сельсовет;01608467000;;;;;;;;;;;;;;;;;;659;653;643;627;626;632;;
Солоновский сельсовет;01608478000;;;;;;;;;;;;;;;;;;830;813;802;779;751;717;;
Усть-Волчихинский сельсовет;01608489000;;;;;;;;;;;;;;;;;;1002;1003;990;982;971;968;;
Егорьевский муниципальный район;01609000000;;;;;;;;;;;;;;;;;;13371;13239;13070;12912;12602;12279;;
Кругло-Семенцовский сельсовет;01609411000;;;;;;;;;;;;;;;;;;556;547;534;519;483;453;;
Лебяжинский сельсовет;01609422000;;;;;;;;;;;;;;;;;;2004;1989;1989;1951;1884;1830;;
Малошелковниковский сельсовет;01609428000;;;;;;;;;;;;;;;;;;686;683;669;656;647;631;;
Новоегорьевский сельсовет;01609433000;;;;;;;;;;;;;;;;;;5481;5461;5433;5383;5268;5183;;
Первомайский сельсовет;01609444000;;;;;;;;;;;;;;;;;;967;944;915;901;879;873;;
Сростинский сельсовет;01609455000;;;;;;;;;;;;;;;;;;2204;2178;2157;2165;2144;2043;;
Титовский сельсовет;01609466000;;;;;;;;;;;;;;;;;;933;910;873;860;842;824;;
Шубинский сельсовет;01609490000;;;;;;;;;;;;;;;;;;540;527;500;477;455;442;;
Ельцовский муниципальный район;01610000000;;;;;;;;;;;;;;;;;;6070;6113;6123;6049;5950;5924;;
Верх-Ненинский сельсовет;01610411000;;;;;;;;;;;;;;;;;;212;212;201;169;160;163;;
Ельцовский сельсовет;01610422000;;;;;;;;;;;;;;;;;;2896;2900;2912;2915;2875;2871;;
Мартыновский сельсовет;01610433000;;;;;;;;;;;;;;;;;;1313;1330;1334;1315;1304;1296;;
Новокаменский сельсовет;01610444000;;;;;;;;;;;;;;;;;;379;359;359;342;334;328;;
Пуштулимский сельсовет;01610466000;;;;;;;;;;;;;;;;;;965;996;989;984;966;949;;
Черемшанский сельсовет;01610488000;;;;;;;;;;;;;;;;;;305;316;328;324;311;317;;
Завьяловский муниципальный район;01611000000;;;;;;;;;;;;;;;;;;18230;18215;17964;17531;17293;17001;;
Гилёвский сельсовет;01611411000;;;;;;;;;;;;;;;;;;1232;1226;1211;1166;1172;1130;;
Глубоковский сельсовет;01611416000;;;;;;;;;;;;;;;;;;1657;1686;1664;1638;1611;1581;;
Гоноховский сельсовет;01611423000;;;;;;;;;;;;;;;;;;1816;1803;1791;1742;1718;1699;;
Завьяловский сельсовет;01611434000;;;;;;;;;;;;;;;;;;6922;6906;6826;6718;6670;6618;;
Камышенский сельсовет;01611445000;;;;;;;;;;;;;;;;;;877;891;891;860;844;842;;
Малиновский сельсовет;01611456000;;;;;;;;;;;;;;;;;;1266;1263;1231;1217;1207;1184;;
Овечкинский сельсовет;01611467000;;;;;;;;;;;;;;;;;;729;725;715;660;645;634;;
Светловский сельсовет;01611469000;;;;;;;;;;;;;;;;;;525;545;536;513;480;459;;
Тумановский сельсовет;01611470000;;;;;;;;;;;;;;;;;;317;325;317;310;305;307;;
Харитоновский сельсовет;01611478000;;;;;;;;;;;;;;;;;;1048;1021;990;951;927;897;;
Чернавский сельсовет;01611486000;;;;;;;;;;;;;;;;;;560;548;541;519;504;482;;
Чистоозёрский сельсовет;01611489000;;;;;;;;;;;;;;;;;;1281;1276;1251;1237;1210;1168;;
Залесовский муниципальный район;01612000000;;;;;;;;;;;;;;;;;;14124;14041;14020;13869;13619;13322;;
Большекалтайский сельсовет;01612409000;;;;;;;;;;;;;;;;;;508;494;475;465;432;401;;
Борисовский сельсовет;01612412000;;;;;;;;;;;;;;;;;;838;818;795;774;750;714;;
Думчевский сельсовет;01612422000;;;;;;;;;;;;;;;;;;628;599;590;588;571;566;;
Залесовский сельсовет;01612426000;;;;;;;;;;;;;;;;;;7700;7749;7865;7852;7751;7660;;
Кордонский сельсовет;01612437000;;;;;;;;;;;;;;;;;;567;555;542;523;509;479;;
Пещерский сельсовет;01612459000;;;;;;;;;;;;;;;;;;1241;1227;1202;1140;1138;1116;;
Тундрихинский сельсовет;01612470000;;;;;;;;;;;;;;;;;;563;529;520;507;473;456;;
Черёмушкинский сельсовет;01612481000;;;;;;;;;;;;;;;;;;1269;1258;1235;1227;1212;1175;;
Шатуновский сельсовет;01612492000;;;;;;;;;;;;;;;;;;810;812;796;793;783;755;;
Заринский муниципальный район;01613000000;;;;;;;;;;;;;;;;;;18210;17752;17464;17106;16637;16245;;
Аламбайский сельсовет;01613406000;;;;;;;;;;;;;;;;;;502;474;461;449;417;396;;
Верх-Камышенский сельсовет;01613420000;;;;;;;;;;;;;;;;;;705;697;697;693;675;653;;
Воскресенский сельсовет;01613425000;;;;;;;;;;;;;;;;;;399;399;370;366;358;351;;
Голухинский сельсовет;01613428000;;;;;;;;;;;;;;;;;;1660;1618;1602;1547;1510;1490;;
Гоношихинский сельсовет;01613430000;;;;;;;;;;;;;;;;;;1183;1162;1138;1105;1088;1064;;
Гришинский сельсовет;01613434000;;;;;;;;;;;;;;;;;;470;469;458;444;425;416;;
Раздел 2. Населенные пункты, входящие в состав муниципальных образований субъектов Российской Федерации;00000000000;;;;;;;;;;;;;;;;;;;;;;;;;
Населенные пункты, входящие в состав муниципальных образований Алтайского края;01000000000;;;;;;;;;;;;;;;;;;;;;;;;;
Населенные пункты, входящие в состав сельского поселения Плотавский сельсовет Баевского муниципального района;01603458000;;;;;;;;;;;;;;;;;;787;769;757;742;749;708;;
Населенные пункты, входящие в состав городского поселения Благовещенский поссовет Благовещенского муниципального района;01605151000;;;;;;;;;;;;;;;;;;;;;;;;;
рп Благовещенка;01605151051;;;;;;;;;;;;;;;;;;11548;11577;11565;11448;11390;11300;;
Населенные пункты, входящие в состав городского поселения Степноозёрский поссовет Благовещенского муниципального района;01605157000;;;;;;;;;;;;;;;;;;;;;;;;;
рп Степное Озеро;01605157051;;;;;;;;;;;;;;;;;;6352;6300;6319;6304;6262;6163;;
Агинский Бурятский округ (Забайкальский край);76100000000;;;;;;;;;;;;;;;;;;;;;;;;;
Раздел 1. Муниципальные образования субъектов Российской Федерации;00000000000;71325;71307;71162;71777;;;;;;;;;;;;;;;;;;;;;
Красноярский край;04000000000;;;;;;;;;;;;;;;;;;;;;;;;;
Раздел 1. Муниципальные образования субъектов Российской Федерации;00000000000;3048716;3022092;3000891;2981746;2961871;2931905;2901930;2869315;2845425;2837013;2832591;2832854;2829105;2838396;2846475;2852810;2858773;2866490;2875301;2876497;2874026;2866255;2855899;2849169;
Таймырский (Долгано-Ненецкий) автономный округ (Красноярский край);04100000000;;;;;;;;;;;;;;;;;;;;;;;;;
Раздел 1. Муниципальные образования субъектов Российской Федерации;00000000000;39026;38263;38250;39160;;;;;;;;;;;;;;;;;;;;;
Эвенкийский автономный округ (Красноярский край);04130000000;;;;;;;;;;;;;;;;;;;;;;;;;
Раздел 1. Муниципальные образования субъектов Российской Федерации;00000000000;19014;18469;18012;17751;;;;;;;;;;;;;;;;;;;;;
Иркутская область;25000000000;;;;;;;;;;;;;;;;;;;;;;;;;
Раздел 1. Муниципальные образования субъектов Российской Федерации;00000000000;2667886;2644022;2623183;2599675;2577702;2552298;2524080;2492143;2467383;2455410;2448287;2440391;2427954;2424355;2422026;2418348;2414913;2412800;2408901;2404195;2397763;2391193;2375021;2357134;
Кемеровская область - Кузбасс;32000000000;;;;;;;;;;;;;;;;;;;;;;;;;
Раздел 1. Муниципальные образования субъектов Российской Федерации;00000000000;2985392;2963439;2942264;2917769;2893448;2862105;2832963;2805941;2785999;2780231;2776358;2772964;2761255;2750829;2742450;2734075;2724990;2717627;2708844;2694877;2674256;2657854;2633446;2604272;
Усть-Ордынский Бурятский округ;25100000000;;;;;;;;;;;;;;;;;;;;;;;;;
Раздел 1. Муниципальные образования субъектов Российской Федерации;00000000000;134461;134694;134735;135210;;;;;;;;;;;;;;;;;;;;;
Новосибирская область;50000000000;;;;;;;;;;;;;;;;;;;;;;;;;
Раздел 1. Муниципальные образования субъектов Российской Федерации;00000000000;2734031;2725499;2715128;2703012;2688423;2674155;2665984;2654853;2647195;2642727;2648923;2661594;2666465;2686863;2709461;2731176;2746822;2762237;2779555;2788849;2793384;2798170;2785836;2780292;
Омская область;52000000000;;;;;;;;;;;;;;;;;;;;;;;;;
Раздел 1. Муниципальные образования субъектов Российской Федерации;00000000000;2153911;2136058;2117291;2094735;2075422;2052741;2034091;2016288;2003282;1993290;1987716;1983985;1976560;1974820;1973985;1973876;1978183;1978466;1972682;1960081;1944195;1926665;1903675;1879548;
Томская область;69000000000;;;;;;;;;;;;;;;;;;;;;;;;;
Раздел 1. Муниципальные образования субъектов Российской Федерации;00000000000;1062469;1057846;1054272;1049770;1045539;1037952;1029944;1024294;1023063;1026307;1031522;1040245;1048538;1057748;1064245;1070128;1074453;1076762;1078891;1078280;1077442;1079271;1070339;1068304;
Дальневосточный федеральный округ;036;;;;;;;;;;;;;;;;;;;;;;;;;
Раздел 1. Муниципальные образования субъектов Российской Федерации;00000000000;7027462;6913279;6832034;6743006;6679743;6608263;6537601;6460402;6398557;6368297;6338951;6319776;6284932;6265833;6251496;6226640;6211021;6194969;6182679;6165284;;;;;
Дальневосточный федеральный округ;042;;;;;;;;;;;;;;;;;;;;;;;;;
Раздел 1. Муниципальные образования субъектов Российской Федерации;00000000000;;;;;;;;;;;;;;;;;;;;;8188623;8169203;8124053;8091244;
Республика Бурятия;81000000000;;;;;;;;;;;;;;;;;;;;;;;;;
Раздел 1. Муниципальные образования субъектов Российской Федерации;00000000000;1013433;1004808;996912;987289;979605;974561;970994;966914;964581;965156;966595;969736;971538;971391;971810;973860;978495;982284;984134;984511;983273;985937;985431;982629;
Забайкальский край;76000000000;;;;;;;;;;;;;;;;;;;;;;;;;
Раздел 1. Муниципальные образования субъектов Российской Федерации;00000000000;1207030;1192819;1178824;1165435;1152596;1142687;1132780;1123327;1115143;1111439;1109196;1108973;1106155;1099396;1095169;1090344;1087452;1083012;1078983;1072806;1065785;1059700;1053485;1043467;
Республика Саха (Якутия);98000000000;;;;;;;;;;;;;;;;;;;;;;;;;
Раздел 1. Муниципальные образования субъектов Российской Федерации;00000000000;977117;962507;957478;951478;948636;949969;953170;954394;956099;958929;958056;958338;958258;955859;955580;954803;956896;959689;962835;964330;967009;971996;981971;992115;
Камчатский край;30000000000;;;;;;;;;;;;;;;;;;;;;;;;;
Раздел 1. Муниципальные образования субъектов Российской Федерации;00000000000;380481;372308;366400;361646;357917;350510;343908;336594;330810;327949;325179;323165;321659;320156;320549;319864;317269;316116;314729;315557;314723;313016;311667;312704;
Корякский округ, входящий в состав Камчатского края;30100000000;;;;;;;;;;;;;;;;;;;;;;;;;
Раздел 1. Муниципальные образования субъектов Российской Федерации;00000000000;27480;26645;25831;25685;;;;;;;;;;;;;;;;;;;;;
Приморский край;05000000000;;;;;;;;;;;;;;;;;;;;;;;;;
Раздел 1. Муниципальные образования субъектов Российской Федерации;00000000000;2167274;2141025;2120467;2085743;2067342;2048582;2028377;2006536;1988580;1977392;1969602;1965178;1953545;1950483;1947263;1938516;1933308;1929008;1923116;1913037;1902718;1895868;1877844;1863011;
Хабаровский край;08000000000;;;;;;;;;;;;;;;;;;;;;;;;;
Раздел 1. Муниципальные образования субъектов Российской Федерации;00000000000;1493881;1473876;1459908;1446177;1434242;1416224;1396800;1376260;1359894;1354848;1351123;1349230;1342887;1342475;1342083;1339912;1338305;1334552;1333294;1328302;1321473;1315643;1301127;1298978;
Амурская область;10000000000;;;;;;;;;;;;;;;;;;;;;;;;;
Раздел 1. Муниципальные образования субъектов Российской Федерации;00000000000;949526;935607;923055;911381;901044;887781;874018;861056;850502;844290;838869;834905;828660;821573;816910;811274;809873;805689;801752;798424;793194;790044;781846;772525;
Магаданская область;44000000000;;;;;;;;;;;;;;;;;;;;;;;;;
Раздел 1. Муниципальные образования субъектов Российской Федерации;00000000000;211696;201974;193945;187218;181832;178069;173937;170397;166902;163989;160940;159002;156534;154485;152358;150312;148071;146345;145570;144091;141234;140149;139034;137767;
Сахалинская область;64000000000;;;;;;;;;;;;;;;;;;;;;;;;;
Раздел 1. Муниципальные образования субъектов Российской Федерации;00000000000;581305;569234;560049;552155;545008;536783;529813;521121;513452;509364;504896;501279;496739;495402;493302;491027;488391;487293;487344;490181;489638;488257;485621;484177;
Еврейская автономная область;99000000000;;;;;;;;;;;;;;;;;;;;;;;;;
Раздел 1. Муниципальные образования субъектов Российской Федерации;00000000000;199172;195135;193198;191899;190585;188412;185763;181653;179405;178711;178148;177500;176304;174412;172671;170377;168368;166120;164217;162014;159913;158305;156500;153831;
Чукотский автономный округ;77000000000;;;;;;;;;;;;;;;;;;;;;;;;;
Раздел 1. Муниципальные образования субъектов Российской Федерации;00000000000;67010;61613;57534;55309;53137;51933;51815;52391;52913;52825;52138;51179;50346;50988;50780;50555;50540;50157;49822;49348;49663;50288;49527;50040;
Крымский федеральный округ;039;;;;;;;;;;;;;;;;;;;;;;;;;
Раздел 1. Муниципальные образования субъектов Российской Федерации;00000000000;;;;;;;;;;;;;;;;;2294888;2323369;;;;;;;
;;;;;;;;;;;;;;;;;;;;;;;;;;
